timestamp,open,high,low,close,adjusted_close,volume,dividend_amount,,
2017-11-22,45.5400,45.6060,45.5400,45.6060,45.6060,782,0.0000,,
2017-11-21,45.5100,45.5590,45.5100,45.5310,45.5310,27326,0.0000,,
2017-11-20,44.9100,44.9100,44.9100,44.9100,44.9100,562,0.0000,,
2017-11-17,44.4800,44.8100,44.4710,44.8000,44.8000,45634,0.0000,,
2017-11-16,44.0508,44.0508,44.0508,44.0508,44.0508,273,0.0000,,
2017-11-15,44.0510,44.0510,44.0510,44.0510,44.0510,302,0.0214,,
2017-11-14,44.1450,44.1450,44.0310,44.1200,44.0985,2228,0.0000,,
2017-11-13,44.0200,44.0200,44.0200,44.0200,43.9986,291,0.0000,,
2017-11-10,43.9500,44.0950,43.9500,44.0200,43.9986,6194,0.0000,,
2017-11-09,43.6800,43.6800,43.6800,43.6800,43.6588,990,0.0000,,
2017-11-08,44.1600,44.1600,44.1560,44.1560,44.1345,1258,0.0000,,
2017-11-07,44.8300,44.8300,43.9900,43.9900,43.9686,1334,0.0000,,
2017-11-06,44.8300,44.8300,44.8300,44.8300,44.8082,206,0.0000,,
2017-11-03,44.8300,44.8300,44.8100,44.8100,44.7882,536,0.0000,,
2017-11-02,44.8080,44.9800,44.8080,44.9600,44.9381,1220,0.0000,,
2017-11-01,44.8710,44.8790,44.8710,44.8790,44.8572,906,0.0000,,
2017-10-31,45.2100,45.2100,45.2000,45.2100,45.1880,467,0.0000,,
2017-10-30,45.1100,45.1100,44.4700,44.4760,44.4544,3969,0.0000,,
2017-10-27,45.0570,45.4160,45.0570,45.4160,45.3939,1662,0.0000,,
2017-10-26,44.7700,44.7700,44.7700,44.7700,44.7482,49,0.0000,,
2017-10-25,44.9290,44.9290,44.7700,44.7700,44.7482,1024,0.0000,,
2017-10-24,45.2520,45.2520,45.1300,45.2270,45.2050,1325,0.0000,,
2017-10-23,45.0600,45.0600,45.0600,45.0600,45.0381,586,0.0000,,
2017-10-20,45.5090,45.5090,45.5090,45.5090,45.4869,218,0.0000,,
2017-10-19,44.8410,44.9700,44.8410,44.9700,44.9481,2876,0.0000,,
2017-10-18,45.0560,45.0560,45.0560,45.0560,45.0341,318,0.0000,,
2017-10-17,45.1360,45.1360,44.8480,44.8480,44.8262,735,0.0449,,
2017-10-16,45.1910,45.1910,45.1130,45.1130,45.0459,269,0.0000,,
2017-10-13,45.0200,45.0200,45.0200,45.0200,44.9531,81,0.0000,,
2017-10-12,45.0960,45.0960,45.0200,45.0200,44.9531,678,0.0000,,
2017-10-11,45.1590,45.1920,45.1120,45.1120,45.0449,1242,0.0000,,
2017-10-10,45.2190,45.2200,45.1000,45.1300,45.0629,1418,0.0000,,
2017-10-09,45.0460,45.1200,45.0460,45.0700,45.0030,1628,0.0000,,
2017-10-06,45.2100,45.2100,45.1200,45.1200,45.0529,946,0.0000,,
2017-10-05,45.0510,45.2700,45.0510,45.1800,45.1128,815,0.0000,,
2017-10-04,45.2000,45.3700,44.9560,45.0820,45.0150,5985,0.0000,,
2017-10-03,44.9200,45.2000,44.9200,45.1600,45.0928,782,0.0000,,
2017-10-02,45.1200,45.1200,45.1200,45.1200,45.0529,252,0.0000,,
2017-09-29,44.7790,44.7790,44.6270,44.6300,44.5636,2974,0.0000,,
2017-09-28,44.4800,44.6500,44.4800,44.6500,44.5836,20057,0.0000,,
2017-09-27,43.8000,43.8090,43.7910,43.8000,43.7349,2490,0.0000,,
2017-09-26,43.3530,43.3530,43.3030,43.3030,43.2386,340,0.0000,,
2017-09-25,43.1400,43.2100,43.1400,43.2100,43.1457,344,0.0000,,
2017-09-22,43.1500,43.2000,43.1300,43.2000,43.1358,4230,0.0000,,
2017-09-21,42.7500,42.9200,42.7500,42.9200,42.8562,685,0.0000,,
2017-09-20,42.7200,42.8650,42.7200,42.8020,42.7384,958,0.0000,,
2017-09-19,42.6900,42.7200,42.5800,42.6400,42.5766,5283,0.0000,,
2017-09-18,42.2190,42.2190,42.2190,42.2190,42.1562,113,0.0000,,
2017-09-15,42.2190,42.2190,42.2190,42.2190,42.1562,300,0.0000,,
2017-09-14,42.2000,42.2000,41.9700,42.0500,41.9875,2931,0.0000,,
2017-09-13,42.0950,42.0960,42.0700,42.0960,42.0334,1875,0.0000,,
2017-09-12,41.9890,41.9890,41.9300,41.9300,41.8676,390,0.0000,,
2017-09-11,41.9900,41.9900,41.5400,41.6900,41.6280,2427,0.0000,,
2017-09-08,41.2000,41.2000,41.1410,41.2000,41.1387,754,0.0000,,
2017-09-07,41.0900,41.0900,40.9900,40.9900,40.9290,493,0.0601,,
2017-09-06,41.4300,41.4300,41.3180,41.4000,41.2779,978,0.0000,,
2017-09-05,41.7200,41.7200,41.2960,41.2960,41.1742,2127,0.0000,,
2017-09-01,41.7600,41.7600,41.7600,41.7600,41.6368,422,0.0000,,
2017-08-31,41.4700,41.6300,41.4700,41.5500,41.4275,1984,0.0000,,
2017-08-30,41.2200,41.2200,41.1650,41.2200,41.0984,551,0.0000,,
2017-08-29,40.9099,41.0900,40.9099,41.0525,40.9314,2783,0.0000,,
2017-08-28,40.9570,41.0180,40.9570,41.0180,40.8970,775,0.0000,,
2017-08-25,40.8610,40.8610,40.8610,40.8610,40.7405,21,0.0000,,
2017-08-24,41.0000,41.0000,40.8540,40.8610,40.7405,2234,0.0000,,
2017-08-23,41.0500,41.0600,40.8200,40.9700,40.8492,7915,0.0000,,
2017-08-22,41.0300,41.1200,40.9400,41.1000,40.9788,5116,0.0000,,
2017-08-21,40.7680,40.7680,40.7610,40.7610,40.6408,590,0.0000,,
2017-08-18,40.6100,40.7800,40.6100,40.6800,40.5600,966,0.0000,,
2017-08-17,41.1800,41.1860,40.8400,40.8400,40.7196,1635,0.0000,,
2017-08-16,41.5640,41.6000,41.5000,41.5000,41.3776,3291,0.0000,,
2017-08-15,41.8900,41.8900,41.3700,41.4401,41.3179,10167,0.0224,,
2017-08-14,41.8300,41.9100,41.8300,41.8800,41.7339,1374,0.0000,,
2017-08-11,41.2200,41.3100,41.1990,41.2700,41.1260,3182,0.0000,,
2017-08-10,41.7300,41.7700,41.2650,41.2650,41.1210,11208,0.0000,,
2017-08-09,41.9000,41.9080,41.7600,41.7930,41.6472,3820,0.0000,,
2017-08-08,42.5100,42.7600,42.3300,42.3300,42.1823,3695,0.0000,,
2017-08-07,42.3600,42.3600,42.3600,42.3600,42.2122,187,0.0000,,
2017-08-04,42.4120,42.4120,42.2700,42.3600,42.2122,990,0.0000,,
2017-08-03,42.1600,42.2600,42.0300,42.1750,42.0279,4389,0.0000,,
2017-08-02,42.5700,42.5700,42.3400,42.4300,42.2820,2322,0.0000,,
2017-08-01,42.6100,42.9050,42.5100,42.6700,42.5211,3352,0.0000,,
2017-07-31,42.5700,42.6800,42.5300,42.5300,42.3816,764,0.0000,,
2017-07-28,42.6500,42.6500,42.4500,42.4890,42.3408,2189,0.0000,,
2017-07-27,42.9900,43.1400,42.7100,42.7100,42.5610,2674,0.0000,,
2017-07-26,43.2000,43.2000,42.9200,42.9200,42.7703,1822,0.0000,,
2017-07-25,43.1500,43.3200,43.1500,43.2900,43.1390,1647,0.0000,,
2017-07-24,42.9500,42.9500,42.7300,42.8600,42.7105,1555,0.0000,,
2017-07-21,42.9090,42.9090,42.9090,42.9090,42.7593,366,0.0000,,
2017-07-20,42.5800,43.0600,42.5800,43.0300,42.8799,1892,0.0000,,
2017-07-19,42.5100,42.5100,42.5100,42.5100,42.3617,69,0.0000,,
2017-07-18,42.7700,42.7700,42.3900,42.5100,42.3617,2917,0.0080,,
2017-07-17,42.2500,42.7300,42.2500,42.6900,42.5331,4949,0.0000,,
2017-07-14,42.6100,42.6600,42.4410,42.5500,42.3936,2483,0.0000,,
2017-07-13,42.4732,42.4732,42.2600,42.4300,42.2740,2745,0.0000,,
2017-07-12,42.6100,42.7900,42.5300,42.5600,42.4035,1396,0.0000,,
2017-07-11,42.2400,42.2400,42.2300,42.2300,42.0748,393,0.0000,,
2017-07-10,42.2000,42.4800,42.1300,42.2200,42.0648,3574,0.0000,,
2017-07-07,42.4030,42.4300,42.4030,42.4300,42.2740,819,0.0000,,
2017-07-06,42.3599,42.3599,42.1600,42.1600,42.0050,1130,0.0000,,
2017-07-05,42.3810,42.4800,42.3810,42.4800,42.3238,634,0.0000,,
2017-07-03,42.7000,42.8500,42.7000,42.8500,42.6925,559,0.0000,,
2017-06-30,42.5180,42.5180,42.5180,42.5180,42.3617,823,0.0000,,
2017-06-29,42.4700,42.4700,42.4700,42.4700,42.3139,122,0.0000,,
2017-06-28,42.5100,42.9500,42.5100,42.6800,42.5231,85724,0.0000,,
2017-06-27,42.0800,42.0800,41.9950,41.9950,41.8406,1404,0.0000,,
2017-06-26,42.4000,42.4000,41.9900,42.0700,41.9153,1934,0.0000,,
2017-06-23,42.0600,42.0600,41.8990,41.9590,41.8048,2599,0.0000,,
2017-06-22,41.6300,41.8500,41.6300,41.8500,41.6962,403,0.0000,,
2017-06-21,41.8800,42.0100,41.8200,41.8200,41.6663,2916,0.0000,,
2017-06-20,42.0980,42.0980,42.0980,42.0980,41.9432,359,0.0000,,
2017-06-19,42.6500,42.6500,42.4450,42.5500,42.3936,7797,0.0000,,
2017-06-16,42.2100,42.3000,42.1910,42.3000,42.1445,1651,0.0000,,
2017-06-15,42.2500,42.6800,42.2500,42.3500,42.1943,1908,0.0000,,
2017-06-14,42.7000,42.7000,42.5900,42.5900,42.4334,1296,0.0000,,
2017-06-13,42.8690,42.8690,42.8690,42.8690,42.7114,519,0.0499,,
2017-06-12,43.1300,43.1300,42.7470,42.7470,42.5403,2861,0.0000,,
2017-06-09,43.0460,43.0460,42.9800,42.9800,42.7722,339,0.0000,,
2017-06-08,42.5000,42.6000,42.5000,42.5800,42.3741,2283,0.0000,,
2017-06-07,41.9700,41.9700,41.8600,41.8600,41.6576,611,0.0000,,
2017-06-06,41.5800,41.8100,41.5800,41.7100,41.5083,1412,0.0000,,
2017-06-05,41.9200,42.2800,41.9200,42.0000,41.7969,2270,0.0000,,
2017-06-02,42.3670,42.5500,42.3670,42.4230,42.2179,701,0.0000,,
2017-06-01,41.0900,41.8900,41.0900,41.8900,41.6874,3291,0.0000,,
2017-05-31,41.1800,41.1800,41.1490,41.1490,40.9500,360,0.0000,,
2017-05-30,41.2350,41.2350,41.2350,41.2350,41.0356,1516,0.0000,,
2017-05-26,41.0500,41.4600,41.0500,41.4500,41.2496,1536,0.0000,,
2017-05-25,41.5300,41.5300,41.3990,41.4460,41.2456,1021,0.0000,,
2017-05-24,41.2390,41.2390,41.2390,41.2390,41.0396,522,0.0000,,
2017-05-23,41.3900,41.4900,41.3290,41.4900,41.2894,9154,0.0000,,
2017-05-22,41.2100,41.2700,41.1200,41.2640,41.0645,4989,0.0000,,
2017-05-19,41.1900,41.1900,41.1800,41.1800,40.9809,2954,0.0000,,
2017-05-18,40.8500,41.0200,40.8500,40.9890,40.7908,9244,0.0000,,
2017-05-17,41.0000,41.0000,41.0000,41.0000,40.8017,1500,0.0000,,
2017-05-16,41.8340,41.8340,41.8340,41.8340,41.6317,2417,0.0233,,
2017-05-15,41.7800,42.1200,41.7800,41.8870,41.6612,4240,0.0000,,
2017-05-12,41.7100,41.8000,41.6100,41.6900,41.4653,16913,0.0000,,
2017-05-11,41.9100,42.1300,41.7700,42.0700,41.8433,3643,0.0000,,
2017-05-10,42.4100,42.4100,42.1600,42.2200,41.9924,1464,0.0000,,
2017-05-09,42.7400,42.7400,42.1900,42.3200,42.0919,8906,0.0000,,
2017-05-08,42.3100,42.3100,42.0700,42.1450,41.9179,2408,0.0000,,
2017-05-05,42.0700,42.2380,42.0700,42.2380,42.0104,725,0.0000,,
2017-05-04,42.5700,42.5700,42.0890,42.1220,41.8950,1038,0.0000,,
2017-05-03,42.2400,42.2400,42.0580,42.1600,41.9328,1796,0.0000,,
2017-05-02,42.2010,42.2400,42.2010,42.2400,42.0123,1352,0.0000,,
2017-05-01,42.3500,42.4650,42.2300,42.4460,42.2172,6557,0.0000,,
2017-04-28,42.4500,42.4900,42.4500,42.4900,42.2610,527,0.0000,,
2017-04-27,43.1100,43.1100,42.8800,42.8800,42.6489,1280,0.0000,,
2017-04-26,42.3300,42.6800,42.3300,42.6800,42.4500,799,0.0000,,
2017-04-25,42.7700,42.7900,42.6600,42.6610,42.4311,4831,0.0000,,
2017-04-24,42.3420,42.3420,42.1790,42.2600,42.0322,1214,0.0000,,
2017-04-21,41.7000,41.7100,41.5620,41.7090,41.4842,1390,0.0000,,
2017-04-20,41.5620,41.6400,41.5620,41.6210,41.3967,2339,0.0000,,
2017-04-19,41.0450,41.1060,40.9460,40.9650,40.7442,2219,0.0000,,
2017-04-18,40.6200,40.7010,40.4150,40.7010,40.4816,954,0.0744,,
2017-04-17,40.4420,40.7700,40.3700,40.7700,40.4763,4254,0.0000,,
2017-04-13,40.8200,40.8200,40.3550,40.4400,40.1487,2257,0.0000,,
2017-04-12,40.9300,40.9300,40.7750,40.7750,40.4813,414,0.0000,,
2017-04-11,40.9600,41.2700,40.8600,41.2700,40.9727,1194,0.0000,,
2017-04-10,41.0600,41.0800,40.8070,41.0000,40.7046,1948,0.0000,,
2017-04-07,40.9500,40.9600,40.8300,40.8500,40.5557,2773,0.0000,,
2017-04-06,40.6420,40.9460,40.5900,40.8800,40.5855,17726,0.0000,,
2017-04-05,41.3800,41.3800,40.5900,40.5900,40.2976,5865,0.0000,,
2017-04-04,40.9000,41.0200,40.8650,40.8700,40.5756,7148,0.0000,,
2017-04-03,41.6300,41.6300,41.0200,41.0660,40.7702,4600,0.0000,,
2017-03-31,41.7660,41.7820,41.7660,41.7820,41.4810,752,0.0000,,
2017-03-30,41.2400,41.6210,41.2400,41.6210,41.3212,2102,0.0000,,
2017-03-29,41.2100,41.2100,41.2100,41.2100,40.9131,249,0.0000,,
2017-03-28,40.5400,41.0620,40.5400,41.0000,40.7046,3827,0.0000,,
2017-03-27,40.5900,40.7700,40.5800,40.5800,40.2877,1524,0.0000,,
2017-03-24,40.6800,40.6800,40.6800,40.6800,40.3869,91,0.0000,,
2017-03-23,40.6800,40.6800,40.6800,40.6800,40.3869,4,0.0000,,
2017-03-22,40.3900,40.3900,40.0900,40.3100,40.0196,5402,0.0000,,
2017-03-21,41.5870,41.5870,40.5890,40.5890,40.2966,393,0.0000,,
2017-03-20,42.4900,42.4900,41.5310,41.6200,41.3202,1746,0.0000,,
2017-03-17,41.7100,41.7500,41.6900,41.7500,41.4492,868,0.0000,,
2017-03-16,41.7150,41.7490,41.7100,41.7100,41.4095,414,0.0000,,
2017-03-15,41.3900,41.5000,41.3900,41.5000,41.2010,10521,0.0000,,
2017-03-14,40.9400,41.1800,40.8500,41.1800,40.8833,2129,0.0000,,
2017-03-13,41.0900,41.2300,41.0400,41.1700,40.8734,7292,0.0000,,
2017-03-10,41.2460,41.2460,40.9600,41.0100,40.7146,2940,0.0000,,
2017-03-09,41.2500,41.2600,40.9600,41.0000,40.7046,15028,0.0000,,
2017-03-08,41.3570,41.3570,41.3570,41.3570,41.0591,124,0.0000,,
2017-03-07,41.9800,41.9800,41.3570,41.3570,41.0591,1775,0.0335,,
2017-03-06,41.5700,41.5700,41.4500,41.5600,41.2272,947,0.0000,,
2017-03-03,41.7500,41.7600,41.5900,41.6530,41.3195,1188,0.0000,,
2017-03-02,42.2100,42.3700,41.8700,41.9100,41.5744,8728,0.0000,,
2017-03-01,42.3400,42.4400,42.3400,42.3800,42.0407,766,0.0000,,
2017-02-28,42.2400,42.2400,41.5400,41.5400,41.2074,467,0.0000,,
2017-02-27,41.7100,42.2300,41.7100,42.2300,41.8919,3199,0.0000,,
2017-02-24,41.9300,41.9400,41.8400,41.8400,41.5050,1561,0.0000,,
2017-02-23,41.8990,41.9100,41.8500,41.8600,41.5248,16532,0.0000,,
2017-02-22,42.2000,42.2160,42.0700,42.0700,41.7332,2512,0.0000,,
2017-02-21,42.2200,42.2200,42.0500,42.1700,41.8324,4118,0.0000,,
2017-02-17,41.8490,41.8600,41.8460,41.8460,41.5110,1098,0.0000,,
2017-02-16,42.2500,42.2500,41.7700,41.8550,41.5199,1724,0.0000,,
2017-02-15,41.8900,41.9970,41.8000,41.9970,41.6607,1310,0.0000,,
2017-02-14,41.7700,41.8200,41.6400,41.7700,41.4356,1225,0.0185,,
2017-02-13,41.9380,42.0400,41.7400,41.7400,41.4058,4553,0.0000,,
2017-02-10,41.6100,41.6100,41.5900,41.5900,41.2570,398,0.0000,,
2017-02-09,40.5000,41.3300,40.5000,41.3300,40.9991,934,0.0000,,
2017-02-08,40.7810,40.7810,40.7800,40.7800,40.4535,1112,0.0000,,
2017-02-07,41.6500,41.6500,40.8600,40.9150,40.5874,2635,0.0000,,
2017-02-06,41.2750,41.2750,41.0350,41.0350,40.7065,924,0.0000,,
2017-02-03,41.1950,41.3500,41.1950,41.3500,41.0189,800,0.0000,,
2017-02-02,40.9860,40.9860,40.7270,40.9200,40.5924,1651,0.0000,,
2017-02-01,41.5800,41.5800,41.0700,41.0700,40.7412,825,0.0000,,
2017-01-31,40.9300,41.1700,40.8700,41.1100,40.7809,2364,0.0000,,
2017-01-30,40.8800,41.0200,40.7400,40.9500,40.6221,1210,0.0000,,
2017-01-27,41.5600,41.5600,41.3947,41.3947,41.0633,2123,0.0000,,
2017-01-26,41.7000,41.7000,41.5600,41.6200,41.2868,1201,0.0000,,
2017-01-25,41.8196,41.8300,41.7297,41.8300,41.4951,3204,0.0000,,
2017-01-24,40.9500,41.4750,40.9405,41.4000,41.0685,8041,0.0000,,
2017-01-23,40.6462,40.7300,40.5300,40.7300,40.4039,3869,0.0000,,
2017-01-20,40.8439,40.9700,40.6600,40.8500,40.5229,30596,0.0000,,
2017-01-19,41.5300,41.5300,40.5100,40.6800,40.3543,4453,0.0000,,
2017-01-18,41.1100,41.1100,40.8500,41.0100,40.6817,2180,0.0000,,
2017-01-17,41.0664,41.2381,40.7600,40.8300,40.5031,2396,0.0137,,
2017-01-13,41.6800,41.6800,41.4399,41.4399,41.1081,2056,0.0000,,
2017-01-12,41.1800,41.1800,40.8900,41.0500,40.7213,1182,0.0000,,
2017-01-11,41.8100,41.8100,41.4200,41.4200,41.0884,3428,0.0000,,
2017-01-10,41.4200,41.4600,41.2100,41.4516,41.1197,4095,0.0000,,
2017-01-09,41.9000,41.9000,41.0531,41.1400,40.8106,2093,0.0000,,
2017-01-06,41.6696,41.7387,41.5600,41.5600,41.2272,1594,0.0000,,
2017-01-05,41.6900,41.7286,41.6537,41.7286,41.3945,787,0.0000,,
2017-01-04,42.3000,42.3726,42.0300,42.3726,42.0333,11072,0.0000,,
2017-01-03,41.5600,41.5600,41.5000,41.5000,41.1677,596,0.0000,,
2016-12-30,41.6300,41.6300,41.5600,41.5600,41.2272,1148,0.0000,,
2016-12-29,41.6600,41.9000,41.6600,41.7900,41.4554,933,0.0000,,
2016-12-28,42.1400,42.1400,41.7400,41.7626,41.4282,835,0.0081,,
2016-12-27,42.1100,42.2500,42.1100,42.2500,41.9117,2042,0.0000,,
2016-12-23,41.9000,42.0600,41.8500,41.8770,41.5417,4670,0.0000,,
2016-12-22,42.2153,42.2153,41.7800,41.8022,41.4675,1080,0.0000,,
2016-12-21,42.2900,42.2900,42.1800,42.1800,41.8423,631,0.0000,,
2016-12-20,42.2400,42.2400,42.1300,42.2294,41.8913,886,0.0000,,
2016-12-19,41.8200,41.8600,41.7489,41.8600,41.5248,1591,0.0000,,
2016-12-16,42.0450,42.0450,41.7200,41.7200,41.3860,904,0.0000,,
2016-12-15,42.0700,42.1500,41.8000,41.8200,41.4852,3810,0.0000,,
2016-12-14,41.8282,41.9000,41.5500,41.6316,41.2983,6500,0.0000,,
2016-12-13,42.1100,42.1100,41.8315,41.8700,41.5348,15633,0.1912,,
2016-12-12,42.2500,42.2500,41.9477,42.0439,41.7073,3313,0.0000,,
2016-12-09,42.4200,42.4200,42.4000,42.4044,42.0649,1744,0.0000,,
2016-12-08,41.7100,42.3800,41.6876,42.3680,42.0288,7182,0.0000,,
2016-12-07,41.1800,41.6000,41.1551,41.6000,41.2669,14914,0.0000,,
2016-12-06,40.6700,41.2100,40.6700,41.2100,40.8801,2543,0.0000,,
2016-12-05,40.4900,40.7300,40.4900,40.7300,40.4039,5270,0.0000,,
2016-12-02,40.2187,40.2187,40.0545,40.0900,39.7690,2104,0.0000,,
2016-12-01,40.2700,40.2700,40.1008,40.1008,39.7797,1253,0.0000,,
2016-11-30,40.5000,40.5000,40.1000,40.1100,39.7889,10076,0.0000,,
2016-11-29,40.5000,40.5000,40.4951,40.5000,40.1757,1496,0.0000,,
2016-11-28,40.5890,40.5900,40.4015,40.4015,40.0780,1621,0.0000,,
2016-11-25,40.2990,40.2990,40.2990,40.2990,39.9763,0,0.0000,,
2016-11-23,40.2990,40.2990,40.2990,40.2990,39.9763,168,0.0000,,
2016-11-22,40.2084,40.2990,40.1008,40.2990,39.9763,809,0.0000,,
2016-11-21,40.0000,40.0000,39.8500,39.8887,39.5693,2163,0.0000,,
2016-11-18,39.6221,39.6900,39.6221,39.6900,39.3722,478,0.0000,,
2016-11-17,39.3607,39.3607,39.3607,39.3607,39.0456,34,0.0000,,
2016-11-16,39.3200,39.3607,39.3200,39.3607,39.0456,395,0.0000,,
2016-11-15,38.9946,39.3000,38.9946,39.3000,38.9853,970,0.0662,,
2016-11-14,38.3100,39.2100,38.3100,39.2100,38.8961,755,0.0000,,
2016-11-11,37.9800,38.6800,37.9235,38.6290,38.3197,4252,0.0000,,
2016-11-10,37.8700,37.8700,37.7812,37.7812,37.4787,1250,0.0000,,
2016-11-09,35.9100,35.9100,35.9100,35.9100,35.6225,0,0.0000,,
2016-11-08,35.7842,35.9100,35.7100,35.9100,35.6225,10048,0.0000,,
2016-11-07,35.6224,35.6224,35.6224,35.6224,35.3372,357,0.0000,,
2016-11-04,35.0699,35.2600,35.0699,35.2572,34.9749,1587,0.0000,,
2016-11-03,35.6788,35.6788,35.6788,35.6788,35.3931,41,0.0000,,
2016-11-02,35.6788,35.6788,35.6788,35.6788,35.3931,184,0.0000,,
2016-11-01,35.6788,35.6788,35.6788,35.6788,35.3931,136,0.0000,,
2016-10-31,35.6709,35.6788,35.6427,35.6788,35.3931,450,0.0000,,
2016-10-28,35.5201,35.5201,35.5201,35.5201,35.2357,0,0.0000,,
2016-10-27,35.5201,35.5201,35.5201,35.5201,35.2357,689,0.0000,,
2016-10-26,35.8100,35.8100,35.8092,35.8092,35.5225,2136,0.0000,,
2016-10-25,36.0800,36.0800,36.0800,36.0800,35.7911,0,0.0000,,
2016-10-24,36.0800,36.0800,36.0800,36.0800,35.7911,0,0.0000,,
2016-10-21,36.0800,36.0800,36.0800,36.0800,35.7911,15,0.0000,,
2016-10-20,36.3000,36.3000,36.0200,36.0800,35.7911,2241,0.0000,,
2016-10-19,36.3191,36.3600,36.2908,36.3193,36.0285,14823,0.0000,,
2016-10-18,36.0500,36.1300,36.0500,36.1300,35.8407,429,0.0000,,
2016-10-17,36.2800,36.2800,35.9602,35.9602,35.6723,2823,0.0000,,
2016-10-14,36.0840,36.0840,36.0840,36.0840,35.7951,125,0.0000,,
2016-10-13,35.9000,35.9000,35.9000,35.9000,35.6126,100,0.0000,,
2016-10-12,36.3672,36.4780,36.3672,36.4780,36.1859,928,0.0000,,
2016-10-11,36.8500,36.8500,36.8500,36.8500,36.5550,0,0.0000,,
2016-10-10,36.8500,36.8500,36.8500,36.8500,36.5550,115,0.0000,,
2016-10-07,36.8500,36.8500,36.8500,36.8500,36.5550,0,0.0000,,
2016-10-06,36.8276,36.8500,36.7857,36.8500,36.5550,1856,0.0000,,
2016-10-05,36.9700,36.9700,36.9700,36.9700,36.6740,175,0.0000,,
2016-10-04,36.7200,36.7200,36.5692,36.5692,36.2764,604,0.0000,,
2016-10-03,36.6100,36.7000,36.5700,36.6399,36.3465,879,0.0000,,
2016-09-30,36.7200,36.8550,36.7200,36.7600,36.4657,3656,0.0000,,
2016-09-29,36.4200,36.4300,36.4200,36.4300,36.1383,200,0.0000,,
2016-09-28,36.7200,36.7900,36.5400,36.7000,36.4062,7485,0.0000,,
2016-09-27,36.4600,36.6100,36.4000,36.5900,36.2970,916,0.0000,,
2016-09-26,36.6192,36.6192,36.6192,36.6192,36.3260,380,0.0000,,
2016-09-23,36.9089,36.9089,36.9089,36.9089,36.6134,535,0.0000,,
2016-09-22,36.2000,36.2000,36.2000,36.2000,35.9102,0,0.0000,,
2016-09-21,36.3300,36.3300,36.2000,36.2000,35.9102,2436,0.0000,,
2016-09-20,36.1552,36.1552,36.1100,36.1100,35.8209,1990,0.0000,,
2016-09-19,36.4040,36.4200,36.1100,36.1250,35.8358,2897,0.0000,,
2016-09-16,35.8501,35.8501,35.8501,35.8501,35.5631,338,0.0000,,
2016-09-15,35.9900,36.0800,35.9615,36.0800,35.7911,7600,0.0000,,
2016-09-14,35.8200,35.9499,35.7400,35.7400,35.4538,1898,0.0000,,
2016-09-13,36.0300,36.0300,36.0300,36.0300,35.7415,186,0.0000,,
2016-09-12,36.0700,36.1300,36.0700,36.1300,35.8407,1086,0.0000,,
2016-09-09,36.5299,36.5300,36.1101,36.1101,35.8210,2481,0.0000,,
2016-09-08,37.0200,37.0500,36.9900,37.0400,36.7434,3425,0.0000,,
2016-09-07,36.8700,36.8800,36.8700,36.8700,36.5748,3150,0.0778,,
2016-09-06,36.8660,36.8660,36.8300,36.8300,36.5351,685,0.0000,,
2016-09-02,36.8400,36.9300,36.8400,36.9300,36.6343,301,0.0000,,
2016-09-01,36.8896,36.8938,36.4100,36.6100,36.3169,2165,0.0000,,
2016-08-31,36.7200,36.8194,36.6400,36.8194,36.5246,2127,0.0000,,
2016-08-30,36.8300,36.8400,36.7707,36.8386,36.5436,4754,0.0000,,
2016-08-29,36.5000,36.5000,36.5000,36.5000,36.2078,74,0.0000,,
2016-08-26,36.9000,36.9000,36.4607,36.5000,36.2078,1465,0.0000,,
2016-08-25,36.6152,36.6152,36.6152,36.6152,36.3220,266,0.0000,,
2016-08-24,36.7305,36.7305,36.7305,36.7305,36.4364,202,0.0000,,
2016-08-23,36.7550,36.7550,36.7305,36.7305,36.4364,268,0.0000,,
2016-08-22,36.4217,36.4217,36.4217,36.4217,36.1301,0,0.0000,,
2016-08-19,36.3700,36.4217,36.3400,36.4217,36.1301,2850,0.0000,,
2016-08-18,36.3200,36.3200,36.0900,36.3132,36.0225,708,0.0000,,
2016-08-17,36.0800,36.0800,36.0300,36.0700,35.7812,1422,0.0000,,
2016-08-16,36.2500,36.2500,36.2000,36.2000,35.9102,629,0.0000,,
2016-08-15,36.3406,36.4200,36.3406,36.3800,36.0887,89594,0.0000,,
2016-08-12,36.1299,36.1299,35.9300,35.9300,35.6423,1086,0.0000,,
2016-08-11,36.1200,36.1200,36.1200,36.1200,35.8308,101,0.0000,,
2016-08-10,36.1200,36.1200,36.1200,36.1200,35.8308,0,0.0000,,
2016-08-09,36.3200,36.3200,36.1200,36.1200,35.8308,5968,0.0000,,
2016-08-08,35.6300,35.6300,35.6300,35.6300,35.3447,142,0.0000,,
2016-08-05,35.6300,35.6300,35.6300,35.6300,35.3447,3,0.0000,,
2016-08-04,35.6300,35.6300,35.6300,35.6300,35.3447,1,0.0000,,
2016-08-03,35.6300,35.6300,35.6300,35.6300,35.3447,962,0.0000,,
2016-08-02,35.8300,35.8300,35.8300,35.8300,35.5431,17,0.0000,,
2016-08-01,35.8500,35.9095,35.7500,35.8300,35.5431,973,0.0000,,
2016-07-29,35.8000,35.8600,35.8000,35.8600,35.5729,15578,0.0000,,
2016-07-28,36.2000,36.2000,35.8000,36.0199,35.7315,1414,0.0000,,
2016-07-27,36.0107,36.0107,36.0107,36.0107,35.7224,374,0.0000,,
2016-07-26,35.9200,35.9200,35.9100,35.9100,35.6225,1071,0.0000,,
2016-07-25,35.8800,35.8800,35.8700,35.8700,35.5828,31859,0.0000,,
2016-07-22,35.7600,35.9800,35.7600,35.9800,35.6919,300,0.0000,,
2016-07-21,35.8037,35.8050,35.5999,35.5999,35.3149,1580,0.0000,,
2016-07-20,35.9400,35.9400,35.9400,35.9400,35.6522,262,0.0000,,
2016-07-19,35.6300,35.6300,35.6300,35.6300,35.3447,497,0.0000,,
2016-07-18,35.8500,35.8500,35.8499,35.8499,35.5629,621,0.0000,,
2016-07-15,35.8201,35.9490,35.7700,35.8500,35.5630,1809,0.0000,,
2016-07-14,35.9433,35.9500,35.9391,35.9391,35.6514,2069,0.0000,,
2016-07-13,35.6899,35.8190,35.6899,35.7834,35.4969,1006,0.0000,,
2016-07-12,35.2289,35.2289,35.2289,35.2289,34.9468,169,0.0000,,
2016-07-11,35.2300,35.2300,35.2289,35.2289,34.9468,350,0.0000,,
2016-07-08,34.6699,34.6699,34.6699,34.6699,34.3923,153,0.0000,,
2016-07-07,34.3700,34.3700,34.1000,34.1000,33.8270,491,0.0000,,
2016-07-06,34.0590,34.0590,34.0590,34.0590,33.7863,0,0.0000,,
2016-07-05,34.0590,34.0590,34.0590,34.0590,33.7863,0,0.0000,,
2016-07-01,34.0590,34.0590,34.0590,34.0590,33.7863,0,0.0000,,
2016-06-30,34.0500,34.0590,34.0500,34.0590,33.7863,807,0.0000,,
2016-06-29,33.5376,33.5376,33.5376,33.5376,33.2691,492,0.0000,,
2016-06-28,32.5800,32.5800,32.5800,32.5800,32.3191,0,0.0000,,
2016-06-27,32.5800,32.5800,32.5800,32.5800,32.3191,25775,0.0000,,
2016-06-24,34.6800,34.6800,34.6800,34.6800,34.4023,0,0.0000,,
2016-06-23,34.6800,34.6800,34.6800,34.6800,34.4023,100,0.0000,,
2016-06-22,34.6400,34.6400,34.3200,34.3300,34.0551,5090,0.0000,,
2016-06-21,34.3200,34.3200,34.3200,34.3200,34.0452,3798,0.0000,,
2016-06-20,34.5100,34.6600,34.5100,34.6600,34.3825,479,0.0000,,
2016-06-17,33.8700,33.8700,33.8700,33.8700,33.5988,0,0.0000,,
2016-06-16,33.8700,33.8700,33.8700,33.8700,33.5988,143,0.0000,,
2016-06-15,34.4100,34.4100,34.1800,34.1801,33.9064,888,0.0000,,
2016-06-14,34.7999,34.7999,34.7999,34.7999,34.5213,0,0.1041,,
2016-06-13,34.7999,34.7999,34.7999,34.7999,34.5213,22,0.0000,,
2016-06-10,34.9900,34.9900,34.7999,34.7999,34.5213,747,0.0000,,
2016-06-09,35.5800,35.5800,35.5800,35.5800,35.2951,410,0.0000,,
2016-06-08,35.1300,35.1300,35.1300,35.1300,34.8487,35,0.0000,,
2016-06-07,35.1010,35.1300,35.1010,35.1300,34.8487,1097,0.0000,,
2016-06-06,34.9000,34.9000,34.9000,34.9000,34.6206,0,0.0000,,
2016-06-03,34.9000,34.9000,34.9000,34.9000,34.6206,100,0.0000,,
2016-06-02,34.7600,34.9000,34.6700,34.9000,34.6206,596,0.0000,,
2016-06-01,34.6600,34.6801,34.6600,34.6801,34.4024,521,0.0000,,
2016-05-31,34.3800,34.3800,34.3800,34.3800,34.1047,26,0.0000,,
2016-05-27,34.3800,34.3800,34.3800,34.3800,34.1047,39,0.0000,,
2016-05-26,34.6000,34.6000,34.1901,34.3800,34.1047,1167,0.0000,,
2016-05-25,34.3600,34.3600,34.3000,34.3000,34.0254,201,0.0000,,
2016-05-24,33.9599,34.0400,33.9599,34.0400,33.7675,3097,0.0000,,
2016-05-23,33.4400,33.4400,33.4400,33.4400,33.1723,71,0.0000,,
2016-05-20,33.4490,33.4490,33.3908,33.4400,33.1723,2675,0.0000,,
2016-05-19,33.4491,33.4491,33.4491,33.4491,33.1813,0,0.0000,,
2016-05-18,33.4491,33.4491,33.4491,33.4491,33.1813,356,0.0000,,
2016-05-17,32.9399,32.9399,32.9399,32.9399,32.6762,304,0.0000,,
2016-05-16,33.2100,33.2100,33.2100,33.2100,32.9441,75,0.0000,,
2016-05-13,33.2100,33.2100,33.2100,33.2100,32.9441,171,0.0000,,
2016-05-12,33.4790,33.4790,33.4790,33.4790,33.2109,160,0.0000,,
2016-05-11,33.5899,33.5899,33.5899,33.5899,33.3210,178,0.0000,,
2016-05-10,33.7800,33.7800,33.7800,33.7800,33.5095,590,0.0000,,
2016-05-09,33.5470,33.5470,33.5470,33.5470,33.2784,0,0.0000,,
2016-05-06,33.5470,33.5470,33.5470,33.5470,33.2784,175,0.0000,,
2016-05-05,33.5470,33.5470,33.5470,33.5470,33.2784,33,0.0000,,
2016-05-04,33.5699,33.6285,33.5101,33.5470,33.2784,1100,0.0000,,
2016-05-03,34.1191,34.1191,34.1191,34.1191,33.8459,0,0.0000,,
2016-05-02,34.1191,34.1191,34.1191,34.1191,33.8459,103,0.0000,,
2016-04-29,33.7900,33.7900,33.7900,33.7900,33.5195,247,0.0000,,
2016-04-28,34.5800,34.5800,34.5800,34.5800,34.3031,9387,0.0000,,
2016-04-27,34.3786,34.3786,34.3786,34.3786,34.1033,41,0.0000,,
2016-04-26,34.2200,34.3786,34.1115,34.3786,34.1033,719,0.0000,,
2016-04-25,34.0210,34.0210,34.0210,34.0210,33.7486,714,0.0000,,
2016-04-22,34.2500,34.2500,34.2500,34.2500,33.9758,134,0.0000,,
2016-04-21,34.2500,34.2500,34.2500,34.2500,33.9758,110,0.0000,,
2016-04-20,34.1600,34.1600,34.1600,34.1600,33.8865,288,0.0000,,
2016-04-19,34.2900,34.2900,34.2900,34.2900,34.0155,263,0.0000,,
2016-04-18,34.0400,34.0400,34.0400,34.0400,33.7675,284,0.0000,,
2016-04-15,33.9100,33.9500,33.8800,33.9492,33.6774,1577,0.0000,,
2016-04-14,33.8399,33.9100,33.8399,33.9100,33.6385,599,0.0000,,
2016-04-13,33.7599,33.7599,33.7599,33.7599,33.4896,257,0.0000,,
2016-04-12,32.9500,32.9500,32.9500,32.9500,32.6862,212,0.0000,,
2016-04-11,32.8700,32.8700,32.8700,32.8700,32.6068,41,0.0000,,
2016-04-08,33.0300,33.0300,32.7785,32.8700,32.6068,394,0.0000,,
2016-04-07,33.0300,33.0300,32.5640,32.6400,32.3787,5597,0.0000,,
2016-04-06,33.1485,33.1485,33.0700,33.0700,32.8052,649,0.0000,,
2016-04-05,33.0301,33.0301,33.0301,33.0301,32.7656,104,0.0000,,
2016-04-04,33.6380,33.6380,33.6380,33.6380,33.3687,891,0.0000,,
2016-04-01,33.4900,33.5400,33.4900,33.5300,33.2615,15342,0.0000,,
2016-03-31,33.6590,33.6590,33.5870,33.5870,33.3181,483,0.0000,,
2016-03-30,33.6280,33.6280,33.5699,33.5699,33.3011,1104,0.0000,,
2016-03-29,32.7400,32.9300,32.7400,32.9300,32.6663,507,0.0000,,
2016-03-28,32.6700,32.6700,32.6700,32.6700,32.4084,0,0.0000,,
2016-03-24,32.6700,32.6700,32.6700,32.6700,32.4084,68,0.0000,,
2016-03-23,32.6700,32.6700,32.6700,32.6700,32.4084,563,0.0000,,
2016-03-22,33.0099,33.1100,32.9600,33.1100,32.8449,36303,0.0000,,
2016-03-21,33.2192,33.2192,33.2192,33.2192,32.9532,183,0.0000,,
2016-03-18,33.2400,33.2700,33.2400,33.2700,33.0036,222,0.0000,,
2016-03-17,32.2094,32.2094,32.2094,32.2094,31.9515,0,0.0000,,
2016-03-16,32.2094,32.2094,32.2094,32.2094,31.9515,72,0.0000,,
2016-03-15,32.3200,32.3500,32.2094,32.2094,31.9515,90375,0.0000,,
2016-03-14,32.5640,32.5640,32.5640,32.5640,32.3033,130,0.0000,,
2016-03-11,32.3400,32.3400,32.3400,32.3400,32.0811,1,0.0000,,
2016-03-10,32.3400,32.3400,32.3400,32.3400,32.0811,0,0.0000,,
2016-03-09,32.3400,32.3400,32.3400,32.3400,32.0811,150,0.0000,,
2016-03-08,32.5700,32.5700,32.2790,32.2790,32.0206,1326,0.0659,,
2016-03-07,32.7392,32.7392,32.7300,32.7300,32.4679,1047,0.0000,,
2016-03-04,31.7899,31.7899,31.7899,31.7899,31.5354,0,0.0000,,
2016-03-03,31.7899,31.7899,31.7899,31.7899,31.5354,0,0.0000,,
2016-03-02,31.7000,31.7899,31.7000,31.7899,31.5354,407,0.0000,,
2016-03-01,31.7300,31.7300,31.7300,31.7300,31.4760,100,0.0000,,
2016-02-29,31.2600,31.2600,31.2000,31.2000,30.9502,3500,0.0000,,
2016-02-26,30.8416,30.8416,30.8416,30.8416,30.5947,0,0.0000,,
2016-02-25,30.8416,30.8416,30.8416,30.8416,30.5947,40,0.0000,,
2016-02-24,30.8416,30.8416,30.8416,30.8416,30.5947,0,0.0000,,
2016-02-23,30.8416,30.8416,30.8416,30.8416,30.5947,0,0.0000,,
2016-02-22,30.7960,30.8416,30.7960,30.8416,30.5947,500,0.0000,,
2016-02-19,30.5200,30.5200,30.5200,30.5200,30.2756,9762,0.0000,,
2016-02-18,30.5090,30.5090,30.5090,30.5090,30.2647,0,0.0000,,
2016-02-17,30.5085,30.5090,30.5012,30.5090,30.2647,434,0.0000,,
2016-02-16,29.7900,29.7900,29.7900,29.7900,29.5515,84003,0.0000,,
2016-02-12,29.3710,29.3710,29.3710,29.3710,29.1358,354,0.0000,,
2016-02-11,28.7300,29.0500,28.7300,29.0500,28.8174,821,0.0000,,
2016-02-10,29.3600,29.3600,29.3600,29.3600,29.1249,295,0.0000,,
2016-02-09,29.2300,29.3600,29.2300,29.3600,29.1249,1231,0.0000,,
2016-02-08,29.2700,29.4100,29.2700,29.4100,29.1745,696,0.0000,,
2016-02-05,29.7028,29.7028,29.7028,29.7028,29.4650,1637,0.0000,,
2016-02-04,30.0207,30.1360,30.0100,30.1308,29.8896,4119,0.0000,,
2016-02-03,29.4315,29.4315,29.4315,29.4315,29.1959,174,0.0000,,
2016-02-02,29.9600,29.9600,29.9599,29.9599,29.7200,428,0.0000,,
2016-02-01,30.5300,30.5401,30.5000,30.5400,30.2955,164420,0.0000,,
2016-01-29,30.3300,30.3599,30.2700,30.3599,30.1168,4823,0.0000,,
2016-01-28,30.1380,30.1380,30.1380,30.1380,29.8967,0,0.0000,,
2016-01-27,29.8695,30.1380,29.8695,30.1380,29.8967,560,0.0000,,
2016-01-26,29.5400,29.5400,29.5400,29.5400,29.3035,124,0.0000,,
2016-01-25,29.6908,29.6908,29.6908,29.6908,29.4531,0,0.0000,,
2016-01-22,29.5200,29.6908,29.5200,29.6908,29.4531,318,0.0000,,
2016-01-21,29.8003,29.8003,29.4900,29.5000,29.2638,806,0.0000,,
2016-01-20,28.9300,29.5800,28.7106,29.5800,29.3432,1175,0.0000,,
2016-01-19,29.5700,29.5700,29.3000,29.5195,29.2832,1945,0.0000,,
2016-01-15,29.2000,29.6497,29.2000,29.6497,29.4123,1351,0.0000,,
2016-01-14,30.0600,30.3150,30.0600,30.3150,30.0723,382,0.0000,,
2016-01-13,30.4700,30.4700,30.0700,30.0700,29.8292,20968,0.0000,,
2016-01-12,30.4258,30.4258,30.4258,30.4258,30.1822,90,0.0000,,
2016-01-11,30.4258,30.4258,30.4258,30.4258,30.1822,211,0.0000,,
2016-01-08,30.7848,30.7848,30.7848,30.7848,30.5383,942,0.0000,,
2016-01-07,31.2700,31.2700,30.9100,30.9100,30.6625,870,0.0000,,
2016-01-06,31.8200,31.9200,31.8200,31.9200,31.6644,1272,0.0000,,
2016-01-05,32.1685,32.1690,32.0900,32.0900,31.8331,419,0.0000,,
2016-01-04,32.5900,32.5900,31.8700,32.0100,31.7537,7331,0.0000,,
2015-12-31,33.1300,33.1300,32.9400,32.9400,32.6763,2162,0.0000,,
2015-12-30,33.5663,33.6099,33.4697,33.4697,33.2017,63897,0.0000,,
2015-12-29,33.5300,33.5300,33.5300,33.5300,33.2615,0,0.0000,,
2015-12-28,33.5300,33.5300,33.5300,33.5300,33.2615,0,0.0946,,
2015-12-24,33.5300,33.5300,33.5300,33.5300,33.2615,200,0.0000,,
2015-12-23,33.4996,33.4996,33.4996,33.4996,33.2314,916,0.0000,,
2015-12-22,32.7900,32.8100,32.7300,32.8100,32.5473,489,0.0000,,
2015-12-21,32.6300,32.6300,32.6300,32.6300,32.3687,160,0.0000,,
2015-12-18,32.6200,32.6300,32.6200,32.6300,32.3687,378,0.0000,,
2015-12-17,33.8300,33.8300,33.2990,33.2990,33.0324,1853,0.0000,,
2015-12-16,33.1800,33.4299,33.1800,33.4299,33.1622,935,0.0000,,
2015-12-15,33.1392,33.1392,33.1190,33.1190,32.8538,241,0.0000,,
2015-12-14,32.5850,32.7699,32.5850,32.6890,32.4273,690,0.0000,,
2015-12-11,33.4693,33.4693,33.4693,33.4693,33.2013,57,0.0000,,
2015-12-10,33.5890,33.6300,33.4693,33.4693,33.2013,2040,0.0000,,
2015-12-09,33.5800,33.5800,33.5799,33.5799,33.3110,640,0.0000,,
2015-12-08,34.0600,34.0600,34.0600,34.0600,33.7873,544,0.0000,,
2015-12-07,34.0400,34.0700,34.0400,34.0700,33.7972,600,0.0000,,
2015-12-04,34.6595,34.6595,34.6294,34.6294,34.3521,338,0.0000,,
2015-12-03,34.8099,34.8099,34.1900,34.2000,33.9262,1165,0.0000,,
2015-12-02,35.2000,35.2000,34.8400,34.8400,34.5611,2916,0.0000,,
2015-12-01,34.9300,34.9300,34.9300,34.9300,34.6503,0,0.0000,,
2015-11-30,34.9300,34.9300,34.9300,34.9300,34.6503,201,0.0000,,
2015-11-27,34.8600,35.0700,34.8600,35.0700,34.7892,796,0.0000,,
2015-11-25,34.8299,34.9000,34.8299,34.8406,34.5616,3290,0.0000,,
2015-11-24,34.4200,34.7400,34.2100,34.7400,34.4619,6498,0.0000,,
2015-11-23,34.3500,34.5500,34.3000,34.4700,34.1940,5764,0.0000,,
2015-11-20,34.3200,34.3200,34.3100,34.3100,34.0353,1378,0.0000,,
2015-11-19,34.1200,34.1200,34.1200,34.1200,33.8468,0,0.0000,,
2015-11-18,33.6400,34.1200,33.6400,34.1200,33.8468,41335,0.0000,,
2015-11-17,33.6300,33.8500,33.6300,33.6300,33.3607,533,0.0000,,
2015-11-16,33.3200,33.6600,33.2400,33.6600,33.3905,314995,0.0000,,
2015-11-13,33.6380,33.6380,33.4000,33.4000,33.1326,766,0.0000,,
2015-11-12,34.1200,34.1200,33.7500,33.7500,33.4798,426,0.0000,,
2015-11-11,34.4300,34.4300,34.4300,34.4300,34.1543,70,0.0000,,
2015-11-10,34.4300,34.4300,34.4300,34.4300,34.1543,18,0.0000,,
2015-11-09,34.3300,34.4600,34.3300,34.4300,34.1543,2282,0.0000,,
2015-11-06,34.7500,34.8400,34.7350,34.8400,34.5611,12778,0.0000,,
2015-11-05,34.3799,34.3799,34.3799,34.3799,34.1046,430,0.0000,,
2015-11-04,34.4000,34.4000,34.4000,34.4000,34.1246,0,0.0000,,
2015-11-03,34.8600,34.8600,34.4000,34.4000,34.1246,1872,0.0000,,
2015-11-02,33.5700,33.5700,33.5700,33.5700,33.3012,0,0.0000,,
2015-10-30,33.5700,33.5700,33.5700,33.5700,33.3012,0,0.0000,,
2015-10-29,33.5700,33.5700,33.5700,33.5700,33.3012,0,0.0000,,
2015-10-28,33.5700,33.5700,33.5700,33.5700,33.3012,500,0.0000,,
2015-10-27,33.6500,33.6500,33.6500,33.6500,33.3806,100,0.0000,,
2015-10-26,33.8300,33.8300,33.8300,33.8300,33.5591,350,0.0000,,
2015-10-23,33.5899,33.5899,33.5899,33.5899,33.3210,0,0.0000,,
2015-10-22,33.5899,33.5899,33.5899,33.5899,33.3210,0,0.0000,,
2015-10-21,33.5899,33.5899,33.5899,33.5899,33.3210,0,0.0000,,
2015-10-20,33.5899,33.5899,33.5899,33.5899,33.3210,0,0.0000,,
2015-10-19,33.5899,33.5900,33.5677,33.5899,33.3210,500,0.0000,,
2015-10-16,33.5900,33.5900,33.5900,33.5900,33.3211,165,0.0000,,
2015-10-15,33.1000,33.1000,33.1000,33.1000,32.8350,0,0.0000,,
2015-10-14,33.1000,33.1000,33.1000,33.1000,32.8350,150,0.0000,,
2015-10-13,31.8500,31.8500,31.8500,31.8500,31.5950,0,0.0000,,
2015-10-12,31.8500,31.8500,31.8500,31.8500,31.5950,0,0.0000,,
2015-10-09,31.8500,31.8500,31.8500,31.8500,31.5950,0,0.0000,,
2015-10-08,31.8500,31.8500,31.8500,31.8500,31.5950,0,0.0000,,
2015-10-07,31.8500,31.8500,31.8500,31.8500,31.5950,0,0.0000,,
2015-10-06,31.8500,31.8500,31.8500,31.8500,31.5950,3,0.0000,,
2015-10-05,31.8500,31.8500,31.8500,31.8500,31.5950,0,0.0000,,
2015-10-02,31.8500,31.8500,31.8500,31.8500,31.5950,0,0.0000,,
2015-10-01,31.7300,31.8500,31.6500,31.8500,31.5950,1200,0.0000,,
2015-09-30,32.0500,32.0500,32.0500,32.0500,31.7934,175,0.0000,,
2015-09-29,31.7100,31.7100,31.7100,31.7100,31.4561,3000,0.0000,,
2015-09-28,32.4300,32.4300,32.4300,32.4300,32.1703,3,0.0000,,
2015-09-25,32.3900,32.4300,32.3900,32.4300,32.1703,3400,0.0000,,
2015-09-24,32.4500,32.4500,32.4500,32.4500,32.1902,0,0.0000,,
2015-09-23,32.4500,32.4500,32.4500,32.4500,32.1902,200,0.0000,,
2015-09-22,32.7752,32.7752,32.7752,32.7752,32.5128,0,0.0748,,
2015-09-21,32.8500,32.8500,32.8500,32.8500,32.5870,0,0.0000,,
2015-09-18,32.8500,32.8500,32.8500,32.8500,32.5870,0,0.0000,,
2015-09-17,32.8500,32.8500,32.8500,32.8500,32.5870,0,0.0000,,
2015-09-16,32.8500,32.8500,32.8500,32.8500,32.5870,0,0.0000,,
2015-09-15,32.8500,32.8500,32.8500,32.8500,32.5870,0,0.0000,,
2015-09-14,32.8500,32.8500,32.8500,32.8500,32.5870,0,0.0000,,
2015-09-11,32.8500,32.8500,32.8500,32.8500,32.5870,0,0.0000,,
2015-09-10,32.8700,32.8700,32.8500,32.8500,32.5870,3105,0.0000,,
2015-09-09,32.4701,32.4701,32.4701,32.4701,32.2101,0,0.0000,,
2015-09-08,32.4701,32.4701,32.4701,32.4701,32.2101,0,0.0000,,
2015-09-04,32.4701,32.4701,32.4701,32.4701,32.2101,0,0.0000,,
2015-09-03,32.4701,32.4701,32.4701,32.4701,32.2101,0,0.0000,,
2015-09-02,32.4600,32.4701,32.4600,32.4701,32.2101,255,0.0000,,
2015-09-01,33.0300,33.0300,33.0300,33.0300,32.7655,0,0.0000,,
2015-08-31,33.0400,33.0400,33.0300,33.0300,32.7655,355,0.0000,,
2015-08-28,32.9200,32.9200,32.9200,32.9200,32.6564,100,0.0000,,
2015-08-27,32.6300,32.6300,32.6300,32.6300,32.3687,100,0.0000,,
2015-08-26,31.9800,31.9800,31.8999,31.8999,31.6445,250,0.0000,,
2015-08-25,32.6400,32.6400,31.6600,31.6600,31.4065,600,0.0000,,
2015-08-24,32.5300,32.8800,31.9400,31.9499,31.6941,1550,0.0000,,
2015-08-21,33.3200,33.3200,33.3200,33.3200,33.0532,1280,0.0000,,
2015-08-20,33.9000,33.9300,33.9000,33.9300,33.6583,700,0.0000,,
2015-08-19,34.5600,34.5600,34.5600,34.5600,34.2833,0,0.0000,,
2015-08-18,34.5599,34.5600,34.5599,34.5600,34.2833,1025,0.0000,,
2015-08-17,34.6600,34.6600,34.6600,34.6600,34.3825,1000,0.0000,,
2015-08-14,34.2500,34.2500,34.2500,34.2500,33.9758,0,0.0000,,
2015-08-13,34.2500,34.2500,34.2500,34.2500,33.9758,0,0.0000,,
2015-08-12,34.2500,34.2500,34.2500,34.2500,33.9758,100,0.0000,,
2015-08-11,34.3699,34.3699,34.3699,34.3699,34.0947,175,0.0000,,
2015-08-10,34.2100,34.2100,34.2100,34.2100,33.9361,0,0.0000,,
2015-08-07,34.2100,34.2100,34.2100,34.2100,33.9361,300,0.0000,,
2015-08-06,34.5200,34.5200,34.5200,34.5200,34.2436,0,0.0000,,
2015-08-05,34.5200,34.5200,34.5200,34.5200,34.2436,0,0.0000,,
2015-08-04,34.5700,34.5700,34.4900,34.5200,34.2436,1300,0.0000,,
2015-08-03,34.6900,34.6900,34.6900,34.6900,34.4123,0,0.0000,,
2015-07-31,34.6900,34.6900,34.6900,34.6900,34.4123,300,0.0000,,
2015-07-30,34.5000,34.5000,34.5000,34.5000,34.2238,0,0.0000,,
2015-07-29,34.5000,34.5000,34.5000,34.5000,34.2238,100,0.0000,,
2015-07-28,34.0100,34.0100,34.0100,34.0100,33.7377,0,0.0000,,
2015-07-27,34.3700,34.3700,34.0100,34.0100,33.7377,300,0.0000,,
2015-07-24,34.5400,34.5400,34.5400,34.5400,34.2635,280,0.0000,,
2015-07-23,35.5348,35.5348,35.5348,35.5348,35.2503,0,0.0000,,
2015-07-22,35.5348,35.5348,35.5348,35.5348,35.2503,0,0.0000,,
2015-07-21,35.5348,35.5348,35.5348,35.5348,35.2503,0,0.0000,,
2015-07-20,35.5348,35.5348,35.5348,35.5348,35.2503,100,0.0000,,
2015-07-17,35.5348,35.5348,35.5348,35.5348,35.2503,120,0.0000,,
2015-07-16,35.6000,35.6000,35.5348,35.5348,35.2503,505,0.0000,,
2015-07-15,35.6400,35.6400,35.6400,35.6400,35.3546,100,0.0000,,
2015-07-14,35.6400,35.6400,35.6400,35.6400,35.3546,125,0.0000,,
2015-07-13,35.1500,35.1500,35.1500,35.1500,34.8686,100,0.0000,,
2015-07-10,35.0900,35.1500,35.0900,35.1500,34.8686,2472,0.0000,,
2015-07-09,35.5300,35.5300,35.5300,35.5300,35.2455,172,0.0000,,
2015-07-08,34.7800,34.7800,34.7800,34.7800,34.5015,500,0.0000,,
